{"cameraMode":{"drawMode":0,"name":"Shaded","section":"Shading Mode"},"sceneLighting":false,"audioPlay":false,"sceneViewState":{"m_AlwaysRefresh":false,"showFog":true,"showSkybox":false,"showFlares":true,"showImageEffects":true,"showParticleSystems":true,"showVisualEffectGraphs":true,"m_FxEnabled":true},"in2DMode":false,"pivot":{"x":-0.21391573548316956,"y":1.8120155334472657,"z":-1.1473817825317383},"rotation":{"x":-0.32263296842575076,"y":0.09688159823417664,"z":-0.0332171767950058,"w":-0.9409750699996948},"size":0.6233502626419067,"orthographic":false}