{"cameraMode":{"drawMode":0,"name":"Shaded","section":"Shading Mode"},"sceneLighting":false,"audioPlay":false,"sceneViewState":{"m_AlwaysRefresh":false,"showFog":true,"showSkybox":false,"showFlares":true,"showImageEffects":true,"showParticleSystems":true,"showVisualEffectGraphs":true,"m_FxEnabled":true},"in2DMode":false,"pivot":{"x":0.8805946111679077,"y":1.3805688619613648,"z":0.1282741129398346},"rotation":{"x":0.06810023635625839,"y":0.6790583729743958,"z":-0.06352095305919647,"w":0.7281904816627502},"size":3.683116912841797,"orthographic":false}