{"cameraMode":{"drawMode":0,"name":"Shaded","section":"Shading Mode"},"sceneLighting":false,"audioPlay":false,"sceneViewState":{"m_AlwaysRefresh":false,"showFog":true,"showSkybox":false,"showFlares":true,"showImageEffects":true,"showParticleSystems":true,"showVisualEffectGraphs":true,"m_FxEnabled":true},"in2DMode":false,"pivot":{"x":61.064598083496097,"y":3.1152920722961427,"z":2.8734731674194338},"rotation":{"x":-0.32263296842575076,"y":0.09688159823417664,"z":-0.0332171767950058,"w":-0.9409750699996948},"size":1.4660253524780274,"orthographic":false}